org id,retrieve id 1,retrieve id 2,retrieve id 3,retrieve id 4,retrieve id 5,retrieve id 6,retrieve id 7,retrieve id 8,retrieve id 9,retrieve id 10,retrieve id 11,retrieve id 12,retrieve id 13,retrieve id 14,retrieve id 15,retrieve id 16,retrieve id 17,retrieve id 18,retrieve id 19,retrieve id 20,retrieve id 21,retrieve id 22,retrieve id 23,retrieve id 24,retrieve id 25
SP-0,SP-0,SP-0_SR,SP-82,SP-82_SR,SP-82_CR,SP-18,SP-109,SP-18_SR,SP-140,SP-109_SR,SP-18_CR,SP-29_CR,SP-153,SP-140_SR,SP-49_CR,SP-153_SR,SP-5_CR,SP-37_SR,SP-8_SR,SP-154,SP-9_CR,SP-17,SP-154_CR,SP-171_CR,SP-8_CR
SP-0_SR,SP-0,SP-0_SR,SP-82,SP-82_SR,SP-82_CR,SP-109,SP-37_SR,SP-18,SP-18_SR,SP-140,SP-109_SR,SP-29_CR,SP-140_SR,SP-37,SP-5_CR,SP-18_CR,SP-49_CR,SP-154,SP-153,SP-154_SR,SP-17,SP-207,SP-9_CR,SP-207_SR,SP-153_SR
SP-0_CR,SP-0_CR,SP-22_CR,SP-193,SP-22,SP-22_SR,SP-193_SR,SP-96_SR,SP-154,SP-153_CR,SP-96,SP-126_SR,SP-154_SR,SP-23_CR,SP-169_CR,SP-9_CR,SP-68_CR,SP-170_SR,SP-154_CR,SP-126,SP-18_SR,SP-26_CR,SP-99_CR,SP-26_SR,SP-170,SP-82
SP-1,SP-1,SP-1_SR,SP-152,SP-152_SR,SP-69_CR,SP-1_CR,SP-176,SP-58_SR,SP-66_SR,SP-66,SP-144_CR,SP-58,SP-148_CR,SP-165_SR,SP-115_CR,SP-66_CR,SP-55,SP-165,SP-58_CR,SP-176_SR,SP-55_SR,SP-27_CR,SP-75,SP-152_CR,SP-75_SR
SP-1_SR,SP-1_SR,SP-1,SP-69_CR,SP-66_SR,SP-66,SP-58_SR,SP-58,SP-1_CR,SP-137,SP-152,SP-137_SR,SP-144_CR,SP-148_CR,SP-66_CR,SP-27_CR,SP-57,SP-152_SR,SP-176,SP-165_SR,SP-6_CR,SP-40_CR,SP-115_CR,SP-36,SP-165,SP-140_SR
SP-1_CR,SP-1_CR,SP-69_CR,SP-126_CR,SP-1,SP-176,SP-58_CR,SP-1_SR,SP-176_SR,SP-34_CR,SP-27_SR,SP-168_CR,SP-170_CR,SP-144_CR,SP-66,SP-69_SR,SP-27,SP-66_SR,SP-41,SP-57_SR,SP-32_CR,SP-29_CR,SP-69,SP-151,SP-57,SP-169_SR
SP-2,SP-2,SP-2_SR,SP-185,SP-185_SR,SP-93,SP-93_SR,SP-10,SP-10_SR,SP-34,SP-93_CR,SP-34_SR,SP-104_CR,SP-10_CR,SP-118_CR,SP-2_CR,SP-74,SP-74_SR,SP-83_CR,SP-104,SP-118,SP-118_SR,SP-29_SR,SP-168_CR,SP-74_CR,SP-35_SR
SP-2_SR,SP-2_SR,SP-2,SP-185,SP-185_SR,SP-93,SP-93_SR,SP-10,SP-10_SR,SP-34,SP-93_CR,SP-34_SR,SP-10_CR,SP-118_CR,SP-104_CR,SP-104,SP-83_CR,SP-2_CR,SP-118,SP-118_SR,SP-74_SR,SP-74,SP-104_SR,SP-29_SR,SP-102_SR,SP-168_CR
SP-2_CR,SP-2_CR,SP-2,SP-2_SR,SP-185_SR,SP-93,SP-185,SP-93_CR,SP-93_SR,SP-104_CR,SP-46,SP-25_SR,SP-104,SP-17_CR,SP-27_CR,SP-64_CR,SP-83_CR,SP-199,SP-10_SR,SP-54_CR,SP-25,SP-58,SP-10,SP-68,SP-167_SR,SP-17_SR
SP-5,SP-5,SP-5_SR,SP-18,SP-18_SR,SP-82_CR,SP-82,SP-207_SR,SP-82_SR,SP-207,SP-154,SP-6_SR,SP-5_CR,SP-6,SP-154_SR,SP-52,SP-52_CR,SP-154_CR,SP-52_SR,SP-200_CR,SP-153,SP-10,SP-162_CR,SP-188_SR,SP-188,SP-192
SP-5_SR,SP-5_SR,SP-5,SP-18,SP-18_SR,SP-82_CR,SP-82,SP-82_SR,SP-207_SR,SP-5_CR,SP-154,SP-207,SP-52,SP-6_SR,SP-10,SP-6,SP-154_CR,SP-119_CR,SP-52_CR,SP-154_SR,SP-52_SR,SP-153,SP-133,SP-96_CR,SP-105_CR,SP-0_SR
SP-5_CR,SP-5_CR,SP-17_SR,SP-17,SP-23_CR,SP-50,SP-154,SP-50_SR,SP-154_SR,SP-5_SR,SP-126,SP-154_CR,SP-82_CR,SP-207,SP-129_SR,SP-207_SR,SP-23_SR,SP-66_CR,SP-23,SP-82,SP-38,SP-17_CR,SP-169_CR,SP-119_CR,SP-112_SR,SP-5
SP-6,SP-6_SR,SP-6,SP-36_CR,SP-82,SP-177_SR,SP-6_CR,SP-21_SR,SP-82_CR,SP-177,SP-82_SR,SP-164,SP-36,SP-1_SR,SP-21,SP-1,SP-36_SR,SP-168_SR,SP-66,SP-24_CR,SP-17,SP-66_SR,SP-21_CR,SP-168,SP-164_SR,SP-40_CR
SP-6_SR,SP-6_SR,SP-6,SP-36_CR,SP-177_SR,SP-6_CR,SP-82,SP-36,SP-177,SP-36_SR,SP-82_CR,SP-21_SR,SP-82_SR,SP-164,SP-168_SR,SP-21,SP-1,SP-1_SR,SP-66,SP-24_CR,SP-65_SR,SP-65,SP-168,SP-17,SP-27_SR,SP-66_SR
SP-6_CR,SP-6_CR,SP-75,SP-75_SR,SP-6_SR,SP-6,SP-1,SP-152_SR,SP-13_CR,SP-177_CR,SP-1_SR,SP-109_CR,SP-152,SP-193,SP-140_CR,SP-94_CR,SP-140_SR,SP-111_CR,SP-22,SP-23_CR,SP-65_CR,SP-75_CR,SP-53_SR,SP-140,SP-169,SP-65
SP-7,SP-7,SP-7_SR,SP-136_SR,SP-136,SP-31,SP-31_SR,SP-131,SP-131_SR,SP-40_CR,SP-26,SP-39,SP-174_CR,SP-39_SR,SP-26_SR,SP-23,SP-28_SR,SP-74,SP-23_SR,SP-74_SR,SP-133_CR,SP-57_CR,SP-154,SP-136_CR,SP-132,SP-28
SP-7_SR,SP-7_SR,SP-7,SP-136_SR,SP-136,SP-31,SP-31_SR,SP-40_CR,SP-131,SP-131_SR,SP-26,SP-174_CR,SP-39,SP-39_SR,SP-74,SP-26_SR,SP-74_SR,SP-28_SR,SP-23,SP-23_SR,SP-136_CR,SP-57_CR,SP-28,SP-132,SP-127_CR,SP-154
SP-7_CR,SP-7_CR,SP-35_SR,SP-35,SP-12_SR,SP-12,SP-12_CR,SP-74_CR,SP-45_CR,SP-11_SR,SP-102_CR,SP-77_SR,SP-106_CR,SP-94,SP-11,SP-134,SP-94_SR,SP-77,SP-57_CR,SP-74,SP-56_CR,SP-155,SP-174_SR,SP-134_SR,SP-77_CR,SP-54_CR
SP-8,SP-8_SR,SP-8,SP-8_CR,SP-113_CR,SP-17,SP-17_SR,SP-85,SP-85_SR,SP-82_CR,SP-82,SP-18_CR,SP-111,SP-0_SR,SP-0,SP-195_SR,SP-195,SP-111_SR,SP-153,SP-11_SR,SP-154,SP-153_SR,SP-82_SR,SP-11,SP-29_CR,SP-23_SR
SP-8_SR,SP-8_SR,SP-8,SP-8_CR,SP-113_CR,SP-17,SP-85_SR,SP-85,SP-82,SP-195_SR,SP-195,SP-111,SP-82_CR,SP-18_CR,SP-17_SR,SP-82_SR,SP-111_SR,SP-11_SR,SP-0,SP-0_SR,SP-11,SP-153,SP-153_SR,SP-23_SR,SP-53,SP-154
