id,question,option_1,hypothesis_1,option_2,hypothesis_2,option_3,hypothesis_3,option_4,answer,label
SP-0,"Mr. and Mrs. Mustard have six daughters and each daughter has one brother. But there are only 9 people in the family, how is that possible?",Some daughters get married and have their own family.,"The answer option suggests that the reason for having only 9 people in the family despite having six daughters and one brother is that some of the daughters have gotten married and started their own families. This explanation implies that the daughters have left their parents' household and established separate households with their husbands and children. As a result, the total number of individuals in the immediate family has decreased to 9. 

In this scenario, the daughters' marriages and subsequent formation of their own families have contributed to the reduction in the number of family members. This explanation aligns with the initial information provided in the question, which states that Mr. and Mrs. Mustard have six daughters and each daughter has one brother. It implies that the daughters have moved out of their parents' home and started their own families, thereby accounting for the discrepancy in the total number of family members. This explanation highlights the possibility of daughters branching out and forming their own households, which is a common occurrence as children grow up and start families of their own.",Each daughter shares the same brother.,"The answer option states that each daughter in the Mustard family shares the same brother. To understand how this is possible, we need to analyze the information provided in the question. It states that Mr. and Mrs. Mustard have six daughters and each daughter has one brother. This means that there are six daughters and one brother in the family. However, the question also mentions that there are only nine people in the family. 

To reconcile this information, we can deduce that the brother mentioned in the question is also counted as one of the six daughters. Therefore, when counting the number of people in the family, we have Mr. Mustard, Mrs. Mustard, the brother, and the six daughters, which adds up to a total of nine people. 

In conclusion, the answer option suggests that the reason there are only nine people in the family despite having six daughters and one brother is because each daughter shares the same brother. This means that the brother is counted as both a son and a daughter, resulting in the correct number of family members.",Some brothers were not loved by family and moved away.,"The question presents a scenario where Mr. and Mrs. Mustard have six daughters and each daughter has one brother. However, there are only nine people in the family, which seems contradictory. To understand how this is possible, we need to consider the possibility that some brothers were not loved by the family and moved away. This explanation suggests that there were originally more brothers in the family, but due to strained relationships or other circumstances, some of them decided to leave. As a result, only one brother remains in the family, along with the six daughters and the parents, totaling nine people. This explanation provides a plausible reason for the apparent discrepancy in the number of family members. It highlights the possibility of family dynamics and relationships that can lead to individuals choosing to distance themselves from their relatives. While it may be a sad or unfortunate situation, it offers a logical explanation for the given scenario.",None of above.,Each daughter shares the same brother.,2
SP-0_SR,"The six daughters of Mr. and Mrs. Mustard each have one brother. However, the family only consists of nine people; how is that possible?",Some brothers were not loved by family and moved away.,"The question presents a scenario where Mr. and Mrs. Mustard have six daughters and one brother. However, it is stated that the family only consists of nine people, which seems contradictory. To understand how this is possible, we need to consider the possibility that some brothers were not loved by the family and moved away. This explanation suggests that there were originally more brothers in the family, but due to strained relationships or other circumstances, some of them decided to leave. As a result, only one brother remains in the family, along with the six daughters and the parents, making a total of nine people. This explanation provides a plausible reason for the apparent discrepancy in the number of family members. It highlights the idea that family dynamics and relationships can change over time, leading to variations in the composition of a family.",Some daughters get married and have their own family.,"The answer option suggests that the reason why the family only consists of nine people despite having six daughters is because some of the daughters get married and have their own families. In this scenario, the daughters would have brothers through their marriages, but these brothers would not be part of the immediate family of Mr. and Mrs. Mustard. 

It is possible that the daughters have married and started their own households, which would explain why the family only consists of nine people. Each daughter would have her own husband and children, and these individuals would not be counted as part of Mr. and Mrs. Mustard's immediate family. Therefore, even though there are six daughters, the family size remains at nine.

This explanation aligns with the information provided in the question, which states that each daughter has one brother. The presence of brothers for the daughters can be attributed to their marriages and the formation of their own families. Thus, the answer option provides a plausible explanation for the given situation.",Each daughter shares the same brother.,"The answer option states that each daughter shares the same brother. This means that there is only one brother in the family, and he is the brother of all six daughters. In other words, the six daughters are all sisters to each other and to their one brother. This scenario is possible because the question does not specify that the brother must be a separate individual for each daughter. Instead, it allows for the possibility that the brother is the same person for all six daughters. Therefore, the family consists of nine people: the parents, the one brother, and the six daughters. This solution satisfies the condition that each daughter has one brother, as stated in the question. It is important to note that the answer option does not provide any information about the gender of the brother or the parents, so it is possible that the brother could be a biological brother or a stepbrother. The key point is that there is only one brother in the family, and he is the brother of all six daughters.",None of above.,Each daughter shares the same brother.,3
SP-0_CR,"A chess team has five players, and each player has one coach. But there are only six participants in the team. How is that possible?",Each player shares the same coach.,"In this scenario, the question raises a concern about how a chess team with five players can have six participants, given that each player has one coach. The answer option provides a plausible explanation by stating that each player shares the same coach. This means that instead of having five individual coaches for each player, there is only one coach who guides and supports all five players. This arrangement allows for the team to have six participants in total, with the five players and the shared coach. By sharing a coach, the players can benefit from the expertise and guidance of a single experienced individual, fostering a sense of unity and teamwork within the team. This approach also ensures that the coach can effectively manage and provide personalized attention to each player, despite the larger number of participants. Overall, the answer option clarifies the possibility of having six participants in the team by highlighting the unique coaching arrangement where each player shares the same coach.",Some players are backups and not allowed to play.,"In this scenario, the question raises a concern about how a chess team with five players can have only six participants in total. The answer option suggests that some players are backups and not allowed to play. This means that while there are five main players on the team, there is an additional player who serves as a backup. The backup player is not included in the regular lineup and is only called upon to play if one of the main players is unable to participate. This arrangement allows the team to have a total of six participants, with five players and one backup. The purpose of having backups is to ensure that the team is prepared for any unforeseen circumstances such as injuries or illnesses that may prevent a main player from competing. By having a backup player, the team can maintain its full roster and continue to participate in chess matches even if one of the main players is unable to play.",Some coaches get a raise.,"The answer option ""Some coaches get a raise"" does not directly address the question of how a chess team with five players can have six participants. However, it is possible to infer a connection between the two. In this scenario, it is likely that one of the players is also serving as a coach. This arrangement allows for each player to have their own coach while still maintaining a total of six participants. By having one player take on the dual role of player and coach, the team can ensure that each player receives individual coaching while still adhering to the constraint of having only six participants. This solution highlights the flexibility and adaptability of the chess team, as they have found a way to maximize the coaching resources available to them. While it may not be the most conventional approach, it demonstrates the team's ability to think outside the box and find innovative solutions to overcome challenges.",None of above.,Each player shares the same coach.,1
SP-1,"A woman shoots her husband. Then she holds him underwater for over 5 minutes. Finally, she hangs him. But 5 minutes later, they both go out and enjoy a wonderful dinner together. How can this be?",The woman gets arrested for murder after dinner.,"The answer option states that the woman gets arrested for murder after dinner. To understand how this can be, we need to analyze the given scenario. The question describes a woman shooting her husband, holding him underwater for over 5 minutes, and then hanging him. However, it also states that they both go out and enjoy a wonderful dinner together 5 minutes later. This scenario seems contradictory and confusing at first glance. 

Upon closer examination, it becomes clear that the scenario described in the question is a riddle or a puzzle. The key to understanding the answer lies in the fact that the question does not explicitly state that the husband dies from the shooting, drowning, or hanging. Therefore, it can be inferred that the husband survives all these attempts on his life. The woman may have shot him, held him underwater, and hanged him, but he miraculously survives each time. Afterward, they both go out and enjoy a wonderful dinner together, seemingly unharmed. However, the answer option reveals that the woman's actions do not go unnoticed, and she eventually gets arrested for her attempted murder. Thus, the answer option provides a logical resolution to the riddle, explaining that the woman faces legal consequences for her actions despite the seemingly normal dinner they shared.",The woman gets a new partner.,"The answer option, ""The woman gets a new partner,"" is a humorous and unexpected response to the question. The question presents a scenario where a woman shoots her husband, holds him underwater, and hangs him, which would typically imply that the husband is dead. However, the answer option suggests that the woman simply gets a new partner, implying that the husband is not actually dead but rather replaced by someone else. This answer plays on the reader's assumption that the woman's actions would result in the husband's demise, but instead, it takes a twist by suggesting that the woman's actions are unrelated to the husband's survival. The answer option adds a touch of dark humor to the scenario, as it subverts the expectation of a tragic outcome and instead presents a lighthearted resolution where the couple goes out for a pleasant dinner together. Overall, the answer option provides a clever and unexpected response to the question, highlighting the importance of considering alternative interpretations and thinking outside the box.","The woman was a photographer. She shot a picture of her husband, developed it, and hung it up to dry.","The answer to the question is that the woman in the scenario is a photographer. The sequence of events described in the question is not meant to be taken literally, but rather as a series of actions related to photography. When it says that the woman shoots her husband, it means that she takes a photograph of him. Then, when it says she holds him underwater for over 5 minutes, it means that she develops the photograph in a darkroom, where it is submerged in chemicals for a certain amount of time. The next action mentioned is that she hangs him, which refers to the woman hanging the developed photograph up to dry. Finally, when it says that they both go out and enjoy a wonderful dinner together, it means that the woman and her husband, after completing the photography process, go out to celebrate their successful work. This answer option cleverly plays with the double meaning of the words used in the question to create a surprising and unexpected twist.",None of above.,"The woman was a photographer. She shot a picture of her husband, developed it, and hung it up to dry.",3
SP-1_SR,"An individual shoots their spouse. She continues by keeping him submerged for over five minutes. She hangs him finally. However, they go out together and have a fantastic supper five minutes later. Why is this the case?",The woman gets arrested for murder after dinner.,"The question presents a perplexing scenario where an individual shoots their spouse, submerges them for over five minutes, and then hangs them. However, the surprising twist is that they both go out together and have a fantastic supper just five minutes later. The answer option states that the woman gets arrested for murder after dinner. This suggests that the reason they are able to enjoy a meal together is because the woman is not immediately caught or suspected of the crime. It implies that the murder goes unnoticed or undetected during the dinner, allowing them to temporarily maintain a facade of normalcy. However, after the meal, the woman's actions catch up with her, and she is eventually arrested for the murder she committed. This explanation highlights the irony and suspense in the situation, as the couple's seemingly pleasant dinner is ultimately overshadowed by the consequences of the woman's crime.","The woman was a photographer. She shot a picture of her husband, developed it, and hung it up to dry.","The answer to the question is that the woman in the scenario is a photographer. The question initially presents a shocking and violent situation, where an individual shoots their spouse, submerges them, and hangs them. However, the surprising twist lies in the fact that this is not a real act of violence, but rather a creative process for the woman's photography. The woman shoots her husband with a camera, capturing his image. She then proceeds to develop the photograph, a process that involves keeping it submerged in chemicals for a certain period of time. Finally, she hangs the photograph up to dry. The mention of going out together and having a fantastic supper five minutes later indicates that the woman and her husband are still alive and well, enjoying a normal evening after the completion of her artistic process. This explanation highlights the importance of context and perspective when interpreting a situation, as the initial description of violence is misleading and only reveals its true nature when considering the woman's profession as a photographer.",The woman gets a new partner.,"The answer option, ""The woman gets a new partner,"" does not provide a logical explanation for the scenario described in the question. The question states that an individual shoots their spouse, keeps them submerged for over five minutes, and then hangs them. However, despite these violent actions, the couple goes out together and has a fantastic supper five minutes later. The answer option does not address any of these actions or explain how the woman could have a new partner in such a short time frame. 

To provide a more plausible explanation, it is important to consider alternative possibilities. One potential explanation could be that the scenario described is a fictional or hypothetical situation, not based in reality. In this case, the actions and events described may not adhere to the laws of physics or human behavior. Alternatively, the scenario could be a metaphorical or symbolic representation of a different situation altogether, where the shooting, submersion, and hanging represent emotional or psychological struggles within a relationship. In this interpretation, the couple going out together and having a fantastic supper could symbolize a reconciliation or resolution of their issues. However, without further context or information, it is difficult to determine the exact meaning or explanation for the scenario described in the question.",None of above.,"The woman was a photographer. She shot a picture of her husband, developed it, and hung it up to dry.",2
SP-1_CR,"A woman shoots publicly at people at a National Park. The park is full of people, but no one gets killed. How is that possible?",The woman was a photographer.,"In this scenario, the question presents a puzzling situation where a woman is shooting publicly at people in a National Park, yet miraculously, no one gets killed. The key to understanding this seemingly contradictory situation lies in the answer option: the woman was a photographer. By identifying her as a photographer, we can deduce that the woman was not using a firearm to harm people, but rather a camera to capture their images. In this context, ""shooting"" refers to the act of taking photographs, not engaging in violence. The National Park being full of people further supports this interpretation, as it is a common location for photographers to capture the beauty of nature and the activities of visitors. Therefore, the woman's actions were harmless, and the absence of any casualties can be attributed to the fact that she was simply pursuing her passion for photography, rather than engaging in any violent or harmful behavior.",People are enjoying themselves in the park.,"The answer option, ""People are enjoying themselves in the park,"" does not directly explain how it is possible for a woman to shoot publicly at people in a National Park without anyone getting killed. However, it suggests that the people in the park are not in immediate danger or harm. It implies that the woman shooting may not be using real bullets or that she is intentionally missing her targets. Alternatively, it could mean that the woman is using non-lethal ammunition, such as rubber bullets or paintballs, which may cause pain or discomfort but are not fatal. Another possibility is that the woman is shooting a camera or a prop gun, creating the illusion of danger without actually posing a threat to anyone's life. The answer option implies that the people in the park are not in a state of panic or fear, indicating that the situation is not as dangerous as it initially appears. Overall, while the answer option does not provide a direct explanation, it suggests that the woman's actions may not be as harmful or lethal as they initially seem, allowing people to continue enjoying themselves in the park without being killed.",The woman wanted to cause chaos.,"The answer option suggests that the woman's intention was to cause chaos rather than to actually harm or kill people. In this scenario, it is possible that the woman used non-lethal ammunition or intentionally missed her targets. By shooting publicly at people in a National Park, she created a sense of fear and panic among the park visitors, achieving her goal of causing chaos without causing any fatalities. This explanation implies that the woman's motive was not to take lives but rather to disrupt the peaceful environment of the park and create a state of confusion and disorder. It is important to note that such actions are illegal and dangerous, as they can still cause harm or injury to individuals even if the intention is not to kill. The incident would require immediate intervention from law enforcement to ensure the safety of the park visitors and to apprehend the woman responsible for the disturbance.",None of above.,The woman was a photographer.,1
SP-2,"Samuel was out for a walk when it started to rain. He did not have an umbrella and he wasn't wearing a hat. His clothes were soaked, yet not a single hair on his head got wet. How could this happen?","His hair is dyed.
","In this scenario, the question presents a situation where Samuel is out for a walk and it starts to rain. However, despite not having an umbrella or wearing a hat, his clothes become soaked while his hair remains dry. The answer option suggests that Samuel's hair is dyed, which explains why it did not get wet. Hair dye is a chemical substance that is applied to the hair to change its color. It typically forms a protective layer around the hair shaft, making it more resistant to water penetration. Therefore, even though the rain soaked through Samuel's clothes, his dyed hair acted as a barrier, preventing the water from reaching his scalp and keeping it dry. This phenomenon is commonly observed among individuals who have dyed their hair, as the dye creates a hydrophobic coating that repels water. Hence, the answer option that Samuel's hair is dyed provides a plausible explanation for why his hair did not get wet despite being exposed to the rain.",This man is bald.,"In this scenario, the question presents a situation where Samuel is out for a walk and it starts to rain. However, despite not having an umbrella or wearing a hat, his clothes become soaked while his head remains dry. The answer option states that Samuel is bald, which explains why his head did not get wet. Being bald means that Samuel does not have any hair on his head, and therefore, there is no hair for the rain to cling to or get wet. As a result, even though the rain falls on Samuel's head, it simply slides off his smooth scalp, leaving it dry. This explanation aligns with the observation that Samuel's clothes are soaked, indicating that the rain did indeed fall on him. The fact that Samuel is bald is the key factor that prevents his head from getting wet in the rain, providing a logical and plausible explanation for this peculiar situation.",This man walk upside down to avoid rain.,"The answer option suggests that Samuel was able to avoid getting his hair wet because he walked upside down. While this may seem like a creative and unconventional solution, it is highly unlikely and not a plausible explanation for how Samuel's hair remained dry. Walking upside down would require a significant amount of strength and flexibility, which is not something that can be easily achieved by most individuals. Additionally, walking upside down would also pose a number of practical challenges, such as maintaining balance and avoiding obstacles. It is more reasonable to consider other possibilities for how Samuel's hair remained dry despite the rain. Perhaps he was wearing a waterproof hat or had some sort of protective covering for his head. Alternatively, it is also possible that Samuel had a naturally oily scalp or had applied a water-resistant product to his hair, which prevented it from getting wet. Overall, while the idea of walking upside down to avoid rain may be intriguing, it is not a realistic explanation for Samuel's dry hair in this scenario.",None of above.,This man is bald.,2
SP-2_SR,"Rain began to fall as Samuel was taking a stroll. He wasn't wearing a hat, and he didn't have an umbrella. Even though his clothes were completely drenched, not a single hair on his head was moist. How is this even possible?",This man walk upside down to avoid rain.,"The answer option stating that the man walks upside down to avoid the rain is not a correct explanation for how Samuel's hair remained dry despite being caught in the rain. The question describes how Samuel's clothes were completely drenched, indicating that he was exposed to the rain. Therefore, it is highly unlikely that he would be able to walk upside down to avoid getting his hair wet. 

To explain how Samuel's hair remained dry, we need to consider other possibilities. One possible explanation could be that Samuel was wearing a waterproof hat or using an umbrella, even though the question states that he wasn't. Another possibility could be that Samuel has a medical condition or uses a hair product that repels water, preventing his hair from getting wet. Additionally, it is also possible that Samuel's hair is naturally resistant to moisture, making it difficult for it to become wet even in heavy rain. 

In conclusion, the answer option suggesting that Samuel walks upside down to avoid the rain is not a plausible explanation. Instead, we should consider other possibilities such as the use of protective gear, a medical condition, or natural hair characteristics to explain why his hair remained dry despite being caught in the rain.","His hair is dyed.
","In this scenario, the question presents a situation where Samuel is caught in the rain without any protection, yet his hair remains dry. To explain this, the answer option suggests that Samuel's hair is dyed. Hair dye is a chemical substance that alters the color of hair by penetrating the hair shaft. When hair is dyed, the dye molecules bind to the hair fibers, creating a protective layer that can repel water. This hydrophobic layer prevents water from penetrating the hair shaft and reaching the scalp, keeping the hair dry even in wet conditions. Therefore, it is possible that Samuel's hair is dyed, explaining why it remains dry despite the rain. This explanation aligns with the observation that not a single hair on his head was moist, indicating that the dye has effectively created a barrier against water absorption. It is worth noting that this explanation assumes that Samuel's hair dye is of good quality and properly applied, as a poorly done dye job may not provide the same level of water resistance.",This man is bald.,"In this scenario, the question describes how Samuel was caught in the rain without any protection, yet his hair remained dry. The answer option states that Samuel is bald, which explains why his hair did not get wet. Baldness refers to the lack of hair on the head, and in Samuel's case, it means that he does not have any hair on his head. Since he doesn't have any hair, there is no way for it to get wet when it rains. While his clothes may have become completely drenched, his bald head remained unaffected by the rain. This is because hair acts as a barrier, preventing water from directly reaching the scalp. Without any hair, Samuel's scalp is exposed, and rainwater simply falls off it without causing any moisture. Therefore, the fact that Samuel is bald is the reason why not a single hair on his head was moist despite being caught in the rain without any protective gear.",None of above.,This man is bald.,3
SP-2_CR,Tom is a clean freak but he never dries his hair after a shower. How is this possible?,"His hair is dyed.
","Tom's ability to be a clean freak while not drying his hair after a shower is possible because his hair is dyed. When someone dyes their hair, they often use chemicals that alter the hair's structure, making it more resistant to water damage. This means that even if Tom doesn't dry his hair thoroughly, it won't become frizzy or damaged like natural hair would. Additionally, dyed hair tends to be less porous, meaning it absorbs less water and dries faster on its own. Tom's decision to not dry his hair after a shower could be a result of this knowledge, as he knows that his dyed hair won't suffer the negative consequences of being left wet. Furthermore, being a clean freak might mean that Tom prioritizes cleanliness and hygiene in other aspects of his life, such as keeping his living space tidy and maintaining personal hygiene in other ways. Therefore, while it may seem contradictory for someone who is a clean freak to not dry their hair after a shower, Tom's hair being dyed provides a logical explanation for this behavior.",He tries to stand upside down druing shower to avoid rain.,"The answer option provided, ""He tries to stand upside down during the shower to avoid rain,"" does not provide a logical explanation for Tom's behavior of not drying his hair after a shower. The question states that Tom is a clean freak, implying that he values cleanliness and hygiene. However, standing upside down during a shower to avoid rain does not align with this characteristic. In fact, it seems quite impractical and counterproductive. 

A more plausible explanation for Tom's behavior could be that he prefers to air dry his hair instead of using a towel or a hairdryer. Some people believe that air drying is a healthier option for their hair as it reduces the risk of heat damage caused by blow drying. Additionally, air drying can help maintain the natural texture and shine of the hair. It is possible that Tom has researched the benefits of air drying and has chosen this method as part of his cleanliness routine. However, it is important to note that air drying may not be suitable for everyone, especially those with thick or long hair that takes a long time to dry naturally.",This man is bald.,"It is possible for Tom to be a clean freak but never dry his hair after a shower because he is bald. Being a clean freak means that Tom is very particular about cleanliness and hygiene, which could extend to other aspects of his personal grooming routine. However, since he is bald, he does not have any hair on his head to dry after a shower. Baldness can be caused by various factors such as genetics, hormonal changes, or medical conditions. In Tom's case, it is likely that he either naturally lacks hair follicles on his scalp or has experienced hair loss over time. Despite his baldness, Tom's cleanliness habits remain intact, as he still takes regular showers to maintain overall hygiene. While it may seem unusual for someone who is meticulous about cleanliness to not dry their hair after a shower, it is simply because Tom does not have any hair to dry.",None of above.,This man is bald.,3
SP-5,"Five apples are in a basket. How do you divide them among five girls so that each girl gets an apple, but one apple remains in the basket?",Two girls decide to share one apple.,"The question asks how to divide five apples among five girls so that each girl gets an apple, but one apple remains in the basket. The answer option suggests that two girls decide to share one apple. This solution ensures that each girl receives an apple, as there are only five apples available. By having two girls share one apple, it leaves one apple remaining in the basket. This arrangement satisfies the condition of the question, as each girl receives an apple, and there is still one apple left in the basket. It is a clever way to distribute the apples evenly among the girls while leaving one apple behind. This solution also implies that the remaining three girls each receive one apple individually, making it a fair distribution overall. Therefore, the answer option of two girls deciding to share one apple is a valid approach to dividing the five apples among the five girls, meeting the requirements of the question.",One girl is polite and return her apple back.,"The question asks how to divide five apples among five girls so that each girl gets an apple, but one apple remains in the basket. The answer option suggests that one girl is polite and returns her apple back. This solution ensures that each girl receives an apple, as initially desired, while still leaving one apple in the basket. By having one girl voluntarily give up her apple, the distribution is balanced and fair. This approach highlights the importance of generosity and selflessness in solving the problem. It also showcases the idea that sometimes, finding a solution requires thinking outside the box and considering alternative perspectives. In this case, the solution is not about dividing the apples equally among the girls, but rather about finding a way to satisfy the initial condition while still leaving one apple in the basket. The answer option provides a creative and unexpected solution to the problem, demonstrating the potential for unconventional thinking to yield successful outcomes.",Give the fifth girl her apple in the basket.,"The question asks how to divide five apples among five girls so that each girl gets an apple, but one apple remains in the basket. The answer option suggests giving the fifth girl her apple while it is still in the basket. This solution ensures that each girl receives an apple, as the question requires, while also leaving one apple in the basket. By giving the fifth girl her apple in the basket, it means that the apple is not physically taken out of the basket and given to her. Instead, the apple remains in the basket, satisfying the condition of one apple remaining in the basket. This solution cleverly addresses the specific requirements of the question, ensuring that each girl receives an apple while still leaving one apple in the basket. It demonstrates a creative approach to problem-solving, thinking outside the box to find a solution that meets the given criteria.",None of above.,Give the fifth girl her apple in the basket.,3
SP-5_SR,"There are five apples in a basket. You distribute them among the five girls, giving each one an apple while leaving one apple in the basket. How is that even doable?",Two girls decide to share one apple.,"The question presents a scenario where there are five apples in a basket and five girls to distribute them to. However, the condition states that one apple should be left in the basket. This seems contradictory, as it implies that each girl should receive one apple, but there would still be one apple remaining. The answer option provides a solution to this puzzle by suggesting that two of the girls decide to share one apple. This means that instead of each girl receiving one apple individually, two of them agree to divide a single apple between them. By doing so, each of the five girls would have an apple, and one apple would be left in the basket, satisfying the initial condition. This solution demonstrates a creative way to distribute the apples evenly among the girls while still adhering to the given constraints.",Give the fifth girl her apple in the basket.,"The question presents a scenario where there are five apples in a basket and five girls to distribute them to. The challenge is to distribute the apples among the girls while still leaving one apple in the basket. At first glance, this seems impossible since there are only five apples and five girls. However, the answer option suggests a clever solution to this problem. To achieve this, the fifth girl is given her apple while it is still in the basket. This means that the apple is technically distributed to her, but it remains in the basket. This solution allows each girl to receive an apple while still leaving one in the basket. It is a creative way to fulfill the requirement of distributing the apples among the girls while keeping one in the basket. This answer option provides a simple and logical solution to the seemingly impossible task, demonstrating that it is indeed doable.",One girl is polite and return her apple back.,"The question presents a scenario where there are five apples in a basket and five girls to distribute them to. However, the question also states that one apple is left in the basket after each girl receives one. This seems contradictory, as it suggests that all the girls received an apple, yet one apple remains in the basket. The answer option provides a clever solution to this puzzle. It suggests that one of the girls is polite and returns her apple back to the basket. By doing so, there are now five apples in the basket again, and each girl has received one apple. This solution resolves the apparent contradiction in the question and demonstrates how it is indeed possible to distribute the apples among the five girls while leaving one apple in the basket. It highlights the importance of considering alternative perspectives and thinking outside the box to find creative solutions to seemingly impossible situations.",None of above.,Give the fifth girl her apple in the basket.,2
